levi.gaines350@blah,Levi,Gaines,Burlington,MD,yellow,what,EawVECDP
aaliyah.goodwin883@blah,Aaliyah,Goodwin,Franklin,NJ,green,cool,RzsnWe7q
juan.bradford344@hotmail.com,Juan,Bradford,Clinton,LA,,good,qXRodkY3
camila.blankenship934@hotmail.com,Camila,Blankenship,Oakland,OK,green,stop,NiRiiPqC
brian.cote310@example.com,Brian,Cote,Milford,TX,red,well,kvuEvYCr
julian.cabrera657@msn.com,Julian,Cabrera,Ashland,KS,orange,easy,2OKbwBYg
aaron.compton234@aol.com,Aaron,Compton,Fairview,ME,red,here-and-hear,JzoWB45A
luke.wolf356@msn.com,Luke,Wolf,Greenville,,violet,begin,RYTaFuua
sophie.mosley897@gmail.com,Sophie,Mosley,Riverside,CT,yellow,watch,eePjmetV
arianna.osborne393@msn.com,Arianna,Osborne,Oakland,ME,yellow,help,cHE9uOrp
camila.hurley706@yahoo.com,Camila,Hurley,Clinton,MT,yellow,thing,yWyaTbkh
savannah.velez440@msn.com,Savannah,Velez,Dover,KS,,fast,OAhHOMSq
bella.lester919@example.com,Bella,Lester,Oakland,IA,blue,that,2SEG7Biz
cameron.gaines973@gmail.com,Cameron,Gaines,Burlington,GA,,now,SYUwiAYz
joshua.saunders702@example.com,Joshua,Saunders,Washington,VA,blue,that,peWIofJJ
addison.buckley110@msn.com,Addison,Buckley,Riverside,MS,violet,out,YA9ZebKQ
juan.fuentes137@aol.com,Juan,Fuentes,Centerville,TX,red,fast,YATUmZPx
autumn.moses803@msn.com,Autumn,Moses,Cleveland,AR,,now,tUkbXWTn
jessica.byers105@hotmail.com,Jessica,Byers,Oakland,AZ,red,look,Z2PKJ2AI
payton.martin632@blah,Payton,Martin,Milton,OH,red,time,x8YepBDi
bailey.cooper251@example.com,Bailey,Cooper,Springfield,KS,blue,there,fsGBUe4R
charles.foreman517@aol.com,Charles,Foreman,Ashland,MT,,over,EGfqxWqY
ava.davenport273@pobox.com,Ava,Davenport,Milford,ND,,over,mfbzeGYr
brayden.crawford992@blah,Brayden,Crawford,Madison,MO,,place,77fwYguj
dominic.nichols148@pobox.com,Dominic,Nichols,Kingston,WV,green,wait,ioaFUgFo
christian.hopkins700@msn.com,Christian,Hopkins,Riverside,UT,red,over,gnF3PagD
juan.graves533@hotmail.com,Juan,Graves,Vernon,,violet,fun,ixTuvYv3
julian.hodges347@aol.com,Julian,Hodges,Auburn,,,thing,pj2D6Dn3
owen.mcbride993@live.com,Owen,Mcbride,Dover,TX,red,day,cBst8ky5
abigail.bradley294@blah,Abigail,Bradley,Oxford,OH,green,that,k8adTfsU
aidan.richardson730@example.com,Aidan,Richardson,Lexington,NC,,zyzzybalubah,ceOYEVdu
kayla.leon489@example.com,Kayla,Leon,Clayton,IN,blue,out,eckozRKU
oliver.strong287@hotmail.com,Oliver,Strong,Manchester,GA,green,great,VGicfhkZ
kylie.clements263@aol.com,Kylie,Clements,Riverside,OK,green,on,cDxMER7A
adrian.strong405@blah,Adrian,Strong,Georgetown,DE,violet,great,KfGF9Hmo
austin.jimenez457@aol.com,Austin,Jimenez,Fairview,KS,green,zyzzybalubah,MUv2YuAA
addison.sloan552@blah,Addison,Sloan,Milford,IA,orange,show,aRGe96Na
justin.lopez294@gmail.com,Justin,Lopez,Kingston,NC,,wait,5IOdhfWY
matthew.howell219@gmail.com,Matthew,Howell,Madison,IN,,there,PSvaDDfK
eva.michael445@yahoo.com,Eva,Michael,Centerville,IN,blue,well,5GwT2hiY
camila.stein415@blah,Camila,Stein,Riverside,CO,yellow,little,MUyJyhe4
luis.carpenter295@pobox.com,Luis,Carpenter,Lexington,NJ,green,help,ncHra5mB
eli.kirk573@live.com,Eli,Kirk,Dover,NE,green,one,NSMOSDYF
nathan.bowers21@blah,Nathan,Bowers,Lexington,SC,violet,more,KzE3x9cu
brandon.mcmillan522@blah,Brandon,Mcmillan,Milford,WI,green,wait,ZEEuSJAI
jessica.hicks65@aol.com,Jessica,Hicks,Milton,NH,red,one,YmiifrRR
peyton.kirby259@msn.com,Peyton,Kirby,Burlington,NE,green,time,C2MkAxUo
ayden.cohen278@yahoo.com,Ayden,Cohen,Centerville,NV,,one,sVkB2Csx
chase.spence939@gmail.com,Chase,Spence,Washington,WI,blue,this,VVwAz4XY
logan.peters579@aol.com,Logan,Peters,Centerville,MS,green,more,i2Qofc9C
zoey.mcmillan878@live.com,Zoey,Mcmillan,Milton,VT,green,good,R943xJsb
rachel.velasquez537@blah,Rachel,Velasquez,Milton,WA,green,okay,wGoavt7J
alexandra.vang510@blah,Alexandra,Vang,Burlington,OH,,begin,YEe7qsaE
caroline.brock522@pobox.com,Caroline,Brock,Hudson,MS,blue,over,xuesBTuh
autumn.manning178@yahoo.com,Autumn,Manning,Shelbyville,WY,green,year,giTZHuk8
dominic.grant702@blah,Dominic,Grant,Fairview,,red,do,XnYMHawS
elijah.farrell657@pobox.com,Elijah,Farrell,Clayton,OH,,good,aequINiA
camila.lang469@blah,Camila,Lang,Dayton,,,this,wtNHm4yo
gabriella.avery719@live.com,Gabriella,Avery,Centerville,,green,back,wGv3odko
hayden.vaughan601@msn.com,Hayden,Vaughan,Cleveland,DE,,go,A3PGUhzU
aaron.wall313@gmail.com,Aaron,Wall,Manchester,FL,yellow,house,YMIttWO5
makayla.baldwin779@hotmail.com,Makayla,Baldwin,Vernon,RI,,now,DjAK7Owi
sarah.lawson132@live.com,Sarah,Lawson,Dover,ME,yellow,more,Ecq3oVHU
destiny.powell896@msn.com,Destiny,Powell,Ashland,NY,,little,gOBKvYNM
ariana.chaney192@aol.com,Ariana,Chaney,Centerville,NV,orange,fast,PunybWpo
grace.cabrera863@pobox.com,Grace,Cabrera,Madison,SC,,stop,Ukh4UumD
mia.moon768@pobox.com,Mia,Moon,Kingston,IA,,out,WGIaFsaS
eva.wooten374@hotmail.com,Eva,Wooten,Fairview,KS,,thing,KUWYeotv
logan.reeves550@hotmail.com,Logan,Reeves,Newport,SD,blue,there,u5tPy2av
makayla.frederick198@pobox.com,Makayla,Frederick,Shelbyville,MD,,begin,ZJfDWiRB
kylie.lindsey780@blah,Kylie,Lindsey,Shelbyville,AL,green,end,aSD8Aiji
caroline.hyde944@example.com,Caroline,Hyde,Dover,WY,,how,OGpoICBE
levi.burgess531@msn.com,Levi,Burgess,Salem,MO,green,time,KrA4Fbks
nathan.hudson639@example.com,Nathan,Hudson,Washington,MT,yellow,how,ueSzCKiM
amelia.crane566@aol.com,Amelia,Crane,Arlington,SC,yellow,show,qSgamx94
caroline.wilkins243@blah,Caroline,Wilkins,Greenville,AL,green,it,fPM4O9ee
brody.curry297@blah,Brody,Curry,Auburn,NC,,what,2rf4hveY
brian.alston516@msn.com,Brian,Alston,Springfield,FL,,what,HUBCQ6rq
ariana.morris272@gmail.com,Ariana,Morris,Auburn,WY,violet,there,Pinyh3dA
benjamin.mcneil721@hotmail.com,Benjamin,Mcneil,Kingston,NV,green,look,tb2YJPSP
alyssa.marks557@blah,Alyssa,Marks,Georgetown,DE,,help,2ko7KpXw
ava.gonzalez197@aol.com,Ava,Gonzalez,Cleveland,WA,blue,back,4XkArwgz
jocelyn.thomas408@gmail.com,Jocelyn,Thomas,Lexington,NM,yellow,stop,8EapKsyi
john.mcintyre943@example.com,John,Mcintyre,Lexington,ND,green,little,Vuftpt9N
ariana.navarro947@yahoo.com,Ariana,Navarro,Vernon,NJ,yellow,all,gkYaiFou
lily.montoya660@yahoo.com,Lily,Montoya,Riverside,KY,,cool,QMbP29uU
addison.clay222@msn.com,Addison,Clay,Springfield,,green,go,Two8yae6
peyton.schneider69@gmail.com,Peyton,Schneider,Washington,IN,red,cool,AxMpdyE8
madeline.barr720@msn.com,Madeline,Barr,Cleveland,WI,blue,year,qjET6YZb
sydney.joseph986@blah,Sydney,Joseph,Ashland,UT,orange,door,4gqbTEPg
kaylee.hurley595@live.com,Kaylee,Hurley,Dover,TN,orange,how,ygCZSqj4
aaliyah.lindsey212@msn.com,Aaliyah,Lindsey,Clinton,ME,violet,stop,SIdrKgOe
trinity.cash532@example.com,Trinity,Cash,Milford,PA,violet,on,gzyMaCys
jessica.parks782@msn.com,Jessica,Parks,Centerville,TX,green,year,tgUNJjwB
alexa.powers928@blah,Alexa,Powers,Vernon,CO,yellow,more,BGOSkpqJ
molly.aguilar285@live.com,Molly,Aguilar,Franklin,CO,yellow,back,w55h3c4i
claire.potter956@blah,Claire,Potter,Newport,OK,,well,VFYDKqVG
luis.bush770@hotmail.com,Luis,Bush,Auburn,WY,,help,8P2Bmopt
aiden.griffin898@yahoo.com,Aiden,Griffin,Newport,NV,green,do,pkH6nd2t
.collier766@aol.com,,Collier,Hudson,IN,,nice,uCe943Mo
ella.stone968@live.com,Ella,Stone,Dayton,AL,orange,what,KeoUnTIY
sydney.estes176@msn.com,Sydney,Estes,Auburn,CA,,place,CIejJyev
claire.rivers221@gmail.com,Claire,Rivers,Arlington,ME,green,how,gaaiadzr
angel.alvarez443@blah,Angel,Alvarez,Salem,NJ,,on,CCR8QUId
aaron.chan782@hotmail.com,Aaron,Chan,Fairview,OH,,here-and-hear,z4KiMOjK
alex.pate922@blah,Alex,Pate,Burlington,PA,,year,r6EIfJMy
natalia.mccarty781@example.com,Natalia,Mccarty,Ashland,NJ,red,what,te97yiub
joshua.morris965@aol.com,Joshua,Morris,Kingston,NH,blue,begin,EmHfzy26
cameron.cherry259@live.com,Cameron,Cherry,Kingston,UT,blue,do,Oic2gX4E
tyler.maddox919@hotmail.com,Tyler,Maddox,Oakland,OK,,that,UnVDGoyi
evan.robles973@hotmail.com,Evan,Robles,Springfield,OH,orange,easy,HJzjbg8k
alexandra.malone12@aol.com,Alexandra,Malone,Georgetown,PA,,place,YUPr6Ihp
sydney.orr8@msn.com,Sydney,Orr,Fairview,NJ,,end,oyRyPyyj
destiny.wells257@gmail.com,Destiny,Wells,Madison,IL,green,there,xRt7ytce
cooper.curtis760@pobox.com,Cooper,Curtis,Hudson,KY,,begin,bKuaqe8R
sophie.mathis88@example.com,Sophie,Mathis,Shelbyville,LA,,show,Y3zftB2i
madison.sellers510@msn.com,Madison,Sellers,Springfield,NE,orange,here-and-hear,TY7n3Q27
arianna.duffy537@blah,Arianna,Duffy,Salem,DE,orange,help,cionUe5r
alexander.perkins452@live.com,Alexander,Perkins,Ashland,IN,,house,hjStdYTE
kaitlyn.wagner596@pobox.com,Kaitlyn,Wagner,Milton,DC,,help,BwZg5kzA
chase.thompson888@blah,Chase,Thompson,Burlington,CT,,well,EutHA95c
dylan.barber736@hotmail.com,Dylan,Barber,Marion,TX,orange,great,AXY54a7h
kevin.harding58@live.com,Kevin,Harding,Hudson,SD,,look,nBIeopq5
genesis.mcgowan528@gmail.com,Genesis,Mcgowan,Marion,PA,green,more,QGuKWicv
gabrielle.vega700@hotmail.com,Gabrielle,Vega,Salem,FL,blue,now,TGYHJaOa
layla.518@aol.com,Layla,,Vernon,MA,violet,this,PwaJKu9f
justin.ryan453@blah,Justin,Ryan,Springfield,WI,,day,SxTsEtVy
joshua.gibbs351@yahoo.com,Joshua,Gibbs,Washington,ND,orange,that,vo2FEum2
chase.buck629@live.com,Chase,Buck,Salem,SC,orange,stop,oMuQoNvN
mariah.williamson897@hotmail.com,Mariah,Williamson,Kingston,DE,,door,YGwdHwUZ
aiden.hartman608@blah,Aiden,Hartman,Dayton,AR,red,what,nvthihyN
layla.george575@hotmail.com,Layla,George,Hudson,AZ,green,here-and-hear,mjDwE4tO
alexis.sanford556@msn.com,Alexis,Sanford,Milford,WI,violet,thing,uz4ZpYkY
daniel.gilbert208@hotmail.com,Daniel,Gilbert,Washington,NE,green,help,wsTaXmNo
cooper.warren336@blah,Cooper,Warren,Burlington,TX,green,here-and-hear,UoVBVXxP
claire.cochran809@gmail.com,Claire,Cochran,Dayton,,green,all,Sjos46Aj
john.reed88@live.com,John,Reed,Vernon,RI,violet,well,ZyCuUky4
sarah.bender44@aol.com,Sarah,Bender,Clinton,ID,violet,wait,kJdAsaP3
layla.underwood271@pobox.com,Layla,Underwood,Springfield,WY,red,this,ewU5fKNY
sophie.payne667@aol.com,Sophie,Payne,Ashland,WV,,fast,EMUYazIa
.davidson555@hotmail.com,,Davidson,Springfield,OK,orange,show,ddgboWHA
cole.snow516@pobox.com,Cole,Snow,Salem,SC,blue,out,eUoiGr6F
victoria.sanders892@pobox.com,Victoria,Sanders,Salem,OR,,here-and-hear,guErbDEg
robert.fitzpatrick380@blah,Robert,Fitzpatrick,Salem,CO,green,now,ju4CzSuM
nathaniel.foley182@aol.com,Nathaniel,Foley,Vernon,OH,orange,easy,AtdA8NXs
james.may21@aol.com,James,May,Vernon,AZ,,one,iu3EMfyn
sofia.atkins123@pobox.com,Sofia,Atkins,Jackson,OK,yellow,all,SZJ5IToF
tristan.christian151@pobox.com,Tristan,Christian,Mount,LA,green,fun,A7yddwyG
ashley.buckley998@yahoo.com,Ashley,Buckley,Lexington,MS,,out,AAkQI7p4
levi.reyes845@msn.com,Levi,Reyes,Mount,TN,yellow,on,iJbOoYS6
joshua.goodman276@pobox.com,Joshua,Goodman,Greenville,MN,violet,all,CC9oR7It
claire.ware808@blah,Claire,Ware,Ashland,NY,green,out,hwnRQge8
madeline.hardin974@msn.com,Madeline,Hardin,Shelbyville,OR,,well,n5FG8B9i
jasmine.dejesus900@pobox.com,Jasmine,Dejesus,Mount,OK,,little,KX4Eo9EA
makayla.figueroa545@msn.com,Makayla,Figueroa,Burlington,AR,red,all,eMe8SGWX
.burt626@msn.com,,Burt,Madison,WA,blue,go,J59KTOIy
lucy.dunn366@yahoo.com,Lucy,Dunn,Vernon,MS,,all,I3E36AGu
ian.sandoval890@example.com,Ian,Sandoval,Newport,MD,,around,SRXhaae5
aaliyah.haley34@msn.com,Aaliyah,Haley,Clinton,AR,blue,what,DeU6qiE3
cameron.hoffman196@pobox.com,Cameron,Hoffman,Georgetown,AZ,blue,fast,yRBUsoiy
adrian.fields686@msn.com,Adrian,Fields,Newport,SD,green,what,EUSHX3zc
alexa.austin27@msn.com,Alexa,Austin,Arlington,MI,,all,AeN8dxZA
.barlow857@live.com,,Barlow,Kingston,TN,,look,Y7Jpp8RU
ryan.gibbs898@example.com,Ryan,Gibbs,Auburn,MT,orange,how,z7Ia5uA4
logan.suarez658@live.com,Logan,Suarez,Kingston,NY,violet,fun,NHPMJNRG
arianna.slater221@blah,Arianna,Slater,Washington,,,show,7hoycYpd
.gilbert670@gmail.com,,Gilbert,Georgetown,NY,,on,iZP8vZET
savannah.pace15@example.com,Savannah,Pace,Fairview,SD,yellow,back,8f4jorSA
kylie.workman874@msn.com,Kylie,Workman,Georgetown,DC,,house,AEjAzRo3
brian.schultz680@yahoo.com,Brian,Schultz,Milton,PA,,now,tk9Rea5a
brooklyn.mcdowell233@gmail.com,Brooklyn,Mcdowell,Vernon,IN,,out,eDsSw3Cj
destiny.reid460@blah,Destiny,Reid,Auburn,,,okay,Ur5vETDj
audrey.chan209@blah,Audrey,Chan,Riverside,WI,yellow,well,BomzzUGW
kayla.perez138@pobox.com,Kayla,Perez,Dover,AK,green,door,xa3IRgje
sofia.vasquez39@example.com,Sofia,Vasquez,Clayton,NC,,good,UQUJuJ4z
cooper.wolfe706@pobox.com,Cooper,Wolfe,Franklin,IL,orange,place,aRjAma3i
eva.osborne844@msn.com,Eva,Osborne,Fairview,UT,,go,e7DxzVF8
david.lindsay18@yahoo.com,David,Lindsay,Milford,UT,red,one,cx7psZx9
lily.singleton666@live.com,Lily,Singleton,Mount,MO,violet,what,zUouEBPo
carson.petersen132@yahoo.com,Carson,Petersen,Springfield,IA,,on,hOG5aejk
ian.chan573@msn.com,Ian,Chan,Oakland,OH,orange,time,8jYAdv3v
trinity.osborne860@blah,Trinity,Osborne,Newport,HI,yellow,go,4EkaCFAU
.gentry327@msn.com,,Gentry,Salem,AL,,what,RnOf9out
joshua.foster66@msn.com,Joshua,Foster,Milton,RI,,what,wCbMabDd
makayla.pace960@example.com,Makayla,Pace,Cleveland,WV,blue,year,aaRuBhZU
sarah.riggs111@msn.com,Sarah,Riggs,Washington,NY,green,how,cCRuba9t
ayden.landry835@blah,Ayden,Landry,Springfield,GA,blue,place,6ZeeUVXq
leah.todd219@yahoo.com,Leah,Todd,Oxford,WY,violet,good,dne3Qg2J
matthew.massey396@blah,Matthew,Massey,Mount,NM,green,little,X9E38QO7
alexandra.conrad964@blah,Alexandra,Conrad,Vernon,LA,orange,time,3jYOHAsn
faith.davidson315@gmail.com,Faith,Davidson,Milton,NV,,year,AiEXJimM
jack.mcbride617@msn.com,Jack,Mcbride,Oakland,MI,,cool,2eynWPAb
kaylee.meyer881@yahoo.com,Kaylee,Meyer,Burlington,AL,blue,all,V4aeTnNT
brody.dawson614@blah,Brody,Dawson,Burlington,,orange,place,qhoGoCXk
alexandra.andrews791@hotmail.com,Alexandra,Andrews,Centerville,CA,,great,7TWaBW9t
jessica.mccarthy78@gmail.com,Jessica,Mccarthy,Vernon,FL,green,go,fwigHeOm
xavier.roth852@gmail.com,Xavier,Roth,Burlington,NM,green,watch,3Rr3A5BI
andrea.lopez942@hotmail.com,Andrea,Lopez,Georgetown,VA,,it,cpYeSimH
nicholas.garcia100@example.com,Nicholas,Garcia,Mount,CT,red,show,h3tEyuZ3
jeremiah.hansen558@gmail.com,Jeremiah,Hansen,Milford,PA,yellow,now,JaCWFuEH
gianna.berger890@msn.com,Gianna,Berger,Oakland,OR,blue,help,ONje4qwU
andrea.morrow39@live.com,Andrea,Morrow,Dover,,,thing,atXJKwy4
nicholas.cantrell565@live.com,Nicholas,Cantrell,Georgetown,OR,green,it,k48PWAB7
anthony.garza512@aol.com,Anthony,Garza,Clinton,IN,,wait,QadsRaRN
melanie.mcmillan131@aol.com,Melanie,Mcmillan,Clayton,AZ,blue,it,6WOjM9HQ
noah.wiley841@example.com,Noah,Wiley,Cleveland,KY,,what,jX6ygwow
lauren.walters496@hotmail.com,Lauren,Walters,Madison,NC,red,door,7KmaBnko
samuel.jennings730@blah,Samuel,Jennings,Georgetown,NC,violet,zyzzybalubah,GdzqNIYY
andrew.duncan462@aol.com,Andrew,Duncan,Marion,MS,violet,year,A6K92w7B
maria.mcmillan661@hotmail.com,Maria,Mcmillan,Salem,CO,,look,fpbetPpu
aubrey.ware886@yahoo.com,Aubrey,Ware,Ashland,ME,blue,all,djqsUWUT
lillian.oneal767@blah,Lillian,Oneal,Marion,KS,blue,look,6Xue3Oo2
kaitlyn.huber673@gmail.com,Kaitlyn,Huber,Madison,NH,red,all,BaDHmyqS
thomas.clarke263@hotmail.com,Thomas,Clarke,Oakland,CA,violet,okay,96xNXumZ
carter.sanders871@aol.com,Carter,Sanders,Newport,CA,green,out,Qt2YisJB
joseph.bass219@blah,Joseph,Bass,Riverside,MI,orange,this,2o6USYUu
kaylee.wilson868@blah,Kaylee,Wilson,Shelbyville,KY,red,remember,8MCe3iUz
zoe.hernandez830@pobox.com,Zoe,Hernandez,Auburn,WY,green,stop,pKMksXFa
natalia.hester473@aol.com,Natalia,Hester,Marion,FL,,what,SDmoroGz
liam.wallace221@blah,Liam,Wallace,Burlington,DE,,go,eOXoHKSo
victoria.valentine308@gmail.com,Victoria,Valentine,Shelbyville,SD,,easy,pnC3zOyJ
christian.avery387@live.com,Christian,Avery,Franklin,MD,,place,8kmnRqXH
serenity.lee256@gmail.com,Serenity,Lee,Dover,ID,,show,6VvCrAaO
eli.horton865@example.com,Eli,Horton,Madison,SC,red,more,FnomcZeZ
eva.bean179@yahoo.com,Eva,Bean,Kingston,PA,yellow,all,qqpOTVHW
carlos.mills833@blah,Carlos,Mills,Newport,CO,,now,JWxm5Ao6
brody.beach518@live.com,Brody,Beach,Centerville,SC,orange,good,HXfMWxRy
alexis.reilly66@hotmail.com,Alexis,Reilly,Washington,MI,,there,7ORi6eeG
melanie.joyce248@blah,Melanie,Joyce,Salem,,,place,fg8CQWsx
jesus.jarvis315@aol.com,Jesus,Jarvis,Dayton,DE,,over,qYxyqEw6
mia.acevedo200@gmail.com,Mia,Acevedo,Ashland,CA,,more,xoIwg2bO
nevaeh.sykes977@live.com,Nevaeh,Sykes,Clayton,UT,,back,iUVcp8y6
xavier.mercado251@hotmail.com,Xavier,Mercado,Manchester,VT,orange,great,NbSv6zD3
christopher.valentine486@blah,Christopher,Valentine,Dayton,WV,green,there,aYJQEcYY
faith.figueroa274@gmail.com,Faith,Figueroa,Dayton,NJ,,help,wUcDiveY
madeline.roach376@aol.com,Madeline,Roach,Clayton,OR,orange,help,7Y4EnnZj
benjamin.ballard900@yahoo.com,Benjamin,Ballard,Salem,NM,green,show,UsJFDoKy
claire.pitts724@pobox.com,Claire,Pitts,Hudson,AZ,blue,remember,upidUt4G
elijah.lane952@gmail.com,Elijah,Lane,Dover,FL,,out,IAhxxExu
lucas.foster986@blah,Lucas,Foster,Centerville,CA,violet,watch,cUHA7fFb
caroline.cantrell372@blah,Caroline,Cantrell,Arlington,NV,green,over,ZaBGhisY
nicholas.terry362@aol.com,Nicholas,Terry,Mount,DE,,it,umKKyuDd
bailey.hall934@example.com,Bailey,Hall,Hudson,NJ,green,over,T7MXaMVs
cooper.koch975@blah,Cooper,Koch,Auburn,AL,blue,good,YGOeukCr
taylor.hill807@pobox.com,Taylor,Hill,Clayton,CT,green,wait,fcpAying
blake.le778@example.com,Blake,Le,Madison,,green,stop,g9oTdfRt
camila.carson266@gmail.com,Camila,Carson,Newport,TN,orange,okay,iBFXaDVH
angel.rodgers613@hotmail.com,Angel,Rodgers,Lexington,GA,,how,IAD86hUj
hayden.oneill81@hotmail.com,Hayden,Oneill,Georgetown,CT,,zyzzybalubah,e5mVrYqU
brianna.graves858@blah,Brianna,Graves,Milton,ND,red,this,xueEUsIE
jackson.hensley304@gmail.com,Jackson,Hensley,Milford,NE,green,end,Oq95CXRt
alexis.vance471@blah,Alexis,Vance,Dover,TN,,back,STA4CMvH
jack.becker623@blah,Jack,Becker,Milford,KY,orange,show,Ghpgag55
carson.hall240@live.com,Carson,Hall,Auburn,WI,,wait,tAH9xXmi
jasmine.stephenson313@pobox.com,Jasmine,Stephenson,Washington,NC,yellow,house,AYEb4f4u
kevin.love382@pobox.com,Kevin,Love,Dayton,IN,orange,day,3vzpiG7P
nathan.chaney277@blah,Nathan,Chaney,Riverside,VT,yellow,go,xTiU6nyS
isaac.fox386@gmail.com,Isaac,Fox,Milton,NM,,cool,QW6EnyzY
max.pollard121@example.com,Max,Pollard,Arlington,LA,,all,baIzCho7
layla.becker585@gmail.com,Layla,Becker,Oxford,IL,,fun,sIvHkbEE
addison.carr924@msn.com,Addison,Carr,Fairview,OK,,go,qPzAP7QD
kaitlyn.michael982@gmail.com,Kaitlyn,Michael,Clinton,SC,yellow,all,vByWKr9c
madison.gilliam920@msn.com,Madison,Gilliam,Shelbyville,FL,green,that,a8inVIKU
avery.roy974@example.com,Avery,Roy,Cleveland,,violet,begin,TBaE7EMY
hayden.witt171@live.com,Hayden,Witt,Madison,NH,violet,on,f44sRAm3
brody.watson562@yahoo.com,Brody,Watson,Salem,PA,,how,W5DEmNtN
jeremiah.simmons256@blah,Jeremiah,Simmons,Madison,NC,orange,over,zM5RAomt
bella.hardin732@gmail.com,Bella,Hardin,Shelbyville,GA,,wait,cxMrmYpb
joshua.peters816@msn.com,Joshua,Peters,Washington,NJ,orange,watch,9aVo7ouZ
madelyn.merrill447@gmail.com,Madelyn,Merrill,Shelbyville,MN,red,there,wHQhEoqU
ryan.hurst646@blah,Ryan,Hurst,Marion,NV,orange,back,cHpTXQBQ
ian.durham960@blah,Ian,Durham,Manchester,,green,thing,brABVUNt
jeremiah.mathis771@yahoo.com,Jeremiah,Mathis,Springfield,NY,blue,cool,iTHyAHaQ
luke.ferrell652@pobox.com,Luke,Ferrell,Georgetown,NC,orange,how,AnoED63C
evelyn.jensen444@blah,Evelyn,Jensen,Marion,NJ,blue,good,finGOu82
maria.noel351@live.com,Maria,Noel,Hudson,NY,,help,nTVI2u9p
logan.salas756@aol.com,Logan,Salas,Vernon,MS,,more,UUWkGA7S
maria.cross128@example.com,Maria,Cross,Lexington,FL,green,look,YageXAOh
james.hood975@aol.com,James,Hood,Washington,MS,yellow,end,MvKfbzMC
zoey.randall943@aol.com,Zoey,Randall,Franklin,ND,violet,great,TZWFRJWq
brandon.osborn624@msn.com,Brandon,Osborn,Marion,OH,red,around,ZEBiN9qB
riley.yates468@yahoo.com,Riley,Yates,Ashland,IN,yellow,thing,IuvAdUMe
john.walsh616@live.com,John,Walsh,Clinton,PA,green,look,tPFKvYHb
elijah.sloan116@pobox.com,Elijah,Sloan,Ashland,,blue,this,aqUaYikA
victoria.morse739@live.com,Victoria,Morse,Ashland,NY,,place,jbwSaZsU
gabriella.kent837@hotmail.com,Gabriella,Kent,Centerville,UT,violet,back,pZZivYN7
lauren.atkinson285@aol.com,Lauren,Atkinson,Franklin,WA,,nice,2TbUzmeH
jason.brady3@pobox.com,Jason,Brady,Georgetown,MS,,easy,FNNYZXfG
owen.vega198@yahoo.com,Owen,Vega,Centerville,ID,violet,day,wVh8kGic
emily.randolph564@blah,Emily,Randolph,Milford,AZ,violet,well,9f9ihSaT
luke.ochoa413@live.com,Luke,Ochoa,Franklin,ND,,on,MBxURvmq
lucas.moran564@gmail.com,Lucas,Moran,Dayton,VA,,out,Om8hrMrZ
mackenzie.montoya4@pobox.com,Mackenzie,Montoya,Washington,TN,green,begin,KkKqtjcY
landon.serrano335@example.com,Landon,Serrano,Auburn,RI,violet,watch,7zc7ayRc
andrea.romero57@msn.com,Andrea,Romero,Cleveland,MD,orange,that,gPej3fCJ
daniel.mcleod623@yahoo.com,Daniel,Mcleod,Milford,LA,orange,show,jhdUEKiY
cooper.sears913@aol.com,Cooper,Sears,Vernon,MO,,house,A4i72xIZ
jessica.cantu866@yahoo.com,Jessica,Cantu,Riverside,OH,blue,fun,iUjCgRwS
melanie.dyer938@example.com,Melanie,Dyer,Newport,MA,,door,eWgUjrrT
lily.watkins44@msn.com,Lily,Watkins,Lexington,CT,,there,GoYTYuGV
andrea.acevedo717@aol.com,Andrea,Acevedo,Burlington,HI,red,little,cKfSJeYM
natalia.bailey937@msn.com,Natalia,Bailey,Greenville,WA,green,that,gCEpjxux
samantha.mullen249@blah,Samantha,Mullen,Greenville,SD,red,over,AFGEJruQ
andrea.craig964@blah,Andrea,Craig,Hudson,IL,yellow,show,tt4o2EqV
brody.bass47@blah,Brody,Bass,Arlington,MS,green,nice,YEI8uwMJ
tristan.washington809@hotmail.com,Tristan,Washington,Greenville,LA,orange,year,daySXiKE
lily.ortiz338@example.com,Lily,Ortiz,Springfield,VA,orange,over,Dwoet9o7
riley.diaz177@hotmail.com,Riley,Diaz,Kingston,NY,,do,YyAOJvU2
kylie.ochoa663@gmail.com,Kylie,Ochoa,Oakland,PA,,what,oHX2M28E
liam.hampton800@pobox.com,Liam,Hampton,Vernon,AL,yellow,day,X6Wi3NTH
jasmine.campos628@blah,Jasmine,Campos,Mount,AR,,it,YQnNnkZ3
xavier.fischer452@live.com,Xavier,Fischer,Oxford,ID,,all,qQoz6mom
jocelyn.caldwell904@pobox.com,Jocelyn,Caldwell,Newport,,,around,Zt2Vsokx
gabriel.harris676@example.com,Gabriel,Harris,Madison,ND,blue,door,6h6XKnAO
riley.hudson402@example.com,Riley,Hudson,Burlington,NH,violet,remember,6UoRYUZG
oliver.mathis160@example.com,Oliver,Mathis,Clayton,MS,,nice,oactSjVA
nevaeh.robinson826@pobox.com,Nevaeh,Robinson,Shelbyville,VT,red,well,NOtpDREY
alexa.warner965@pobox.com,Alexa,Warner,Dover,NH,,house,otgrHApa
aidan.benton345@pobox.com,Aidan,Benton,Newport,KS,blue,all,JiRUtrie
alexa.lindsey133@msn.com,Alexa,Lindsey,Arlington,LA,green,look,FRSe3O62
alyssa.reynolds473@msn.com,Alyssa,Reynolds,Salem,CO,red,one,84uoyiDC
madeline.mcmillan60@gmail.com,Madeline,Mcmillan,Newport,DC,,little,iYR3EexU
luke.brewer931@blah,Luke,Brewer,Lexington,NH,green,help,GJM9ktKy
angelina.norris365@aol.com,Angelina,Norris,Burlington,RI,orange,good,EPB9vjIF
brooke.wilkerson887@aol.com,Brooke,Wilkerson,Clayton,,green,fast,NN8IZHPP
joseph.franks627@aol.com,Joseph,Franks,Dayton,,,help,zS2ERuux
juan.29@live.com,Juan,,Shelbyville,VA,blue,day,SxUOuAiy
christopher.atkins186@msn.com,Christopher,Atkins,Mount,UT,orange,show,9iMImauC
kaitlyn.james445@msn.com,Kaitlyn,James,Madison,ME,,well,tIUKevcE
benjamin.rice326@aol.com,Benjamin,Rice,Manchester,UT,,great,YvkU5hDC
mia.figueroa278@blah,Mia,Figueroa,Washington,CA,blue,great,fp2fozYU
cooper.banks616@example.com,Cooper,Banks,Jackson,NM,,okay,PyJtNawV
sebastian.brewer73@gmail.com,Sebastian,Brewer,Marion,WV,violet,begin,5AA7xqVY
john.robles784@yahoo.com,John,Robles,Madison,TX,orange,on,NJqbwcdW
cooper.watson169@aol.com,Cooper,Watson,Newport,TX,,all,5ZXaX69Y
xavier.garrison248@pobox.com,Xavier,Garrison,Greenville,CO,,time,dcnrAY8v
luke.mccarty931@msn.com,Luke,Mccarty,Auburn,CO,,fast,j6I2EAHx
jessica.acosta482@yahoo.com,Jessica,Acosta,Kingston,CT,,nice,cgZpuiRe
jesus.howard125@blah,Jesus,Howard,Milton,SD,,easy,OYjUb9Yw
matthew.pacheco483@pobox.com,Matthew,Pacheco,Oxford,SD,red,it,uZZ98UNF
brianna.ferguson519@aol.com,Brianna,Ferguson,Georgetown,KS,green,this,Coqiei5x
nathan.york132@live.com,Nathan,York,Marion,OK,green,watch,j6XwOycP
josiah.noble633@gmail.com,Josiah,Noble,Ashland,,green,house,fjmxmQaA
cameron.sawyer982@yahoo.com,Cameron,Sawyer,Franklin,RI,violet,okay,UGONZ8Oi
jackson.clay406@hotmail.com,Jackson,Clay,Georgetown,TN,,how,yDoCemPi
jesus.little135@hotmail.com,Jesus,Little,Milton,WI,blue,nice,ZChoKei5
gabrielle.shaffer234@yahoo.com,Gabrielle,Shaffer,Ashland,WA,yellow,little,fWeYxZhV
gabriel.norton664@hotmail.com,Gabriel,Norton,Vernon,PA,,house,UQNVAatc
wyatt.watson238@pobox.com,Wyatt,Watson,Auburn,VT,yellow,watch,MruUO3F6
kayla.puckett63@yahoo.com,Kayla,Puckett,Franklin,OK,red,it,JuPD7doa
jonathan.wyatt746@live.com,Jonathan,Wyatt,Lexington,NC,red,nice,jvGh4coC
.duffy402@gmail.com,,Duffy,Arlington,TX,red,house,aPYhymvd
payton.camacho404@blah,Payton,Camacho,Fairview,NE,green,look,VGpIMciq
morgan.romero38@blah,Morgan,Romero,Lexington,DC,,all,3JC3R8En
levi.ashley657@aol.com,Levi,Ashley,Auburn,HI,yellow,on,8qXkDtbZ
adam.herrera295@yahoo.com,Adam,Herrera,Mount,KY,,nice,bIH3WczM
owen.noble118@blah,Owen,Noble,Mount,AR,,help,ZYEF7Rvj
rachel.mullen656@blah,Rachel,Mullen,Marion,CO,,now,Rk3B6MBk
evelyn.moran457@hotmail.com,Evelyn,Moran,Mount,MS,green,do,XenofDRi
lucas.ballard19@hotmail.com,Lucas,Ballard,Oxford,NE,,house,UAgBHAQa
emily.nielsen296@gmail.com,Emily,Nielsen,Cleveland,CA,,zyzzybalubah,u79dhtNy
madeline.gamble347@aol.com,Madeline,Gamble,Washington,ND,red,out,YcisYgeb
riley.cleveland635@pobox.com,Riley,Cleveland,Franklin,WA,blue,go,j86W4Ua4
gavin.holman569@aol.com,Gavin,Holman,Lexington,CT,yellow,fun,jhfeFxvG
lillian.846@pobox.com,Lillian,,Centerville,,red,now,FvEUNI3G
aubrey.kaufman832@example.com,Aubrey,Kaufman,Dayton,AR,,well,N7mHUOO4
angel.avery775@hotmail.com,Angel,Avery,Clayton,TX,blue,okay,RxX34hOZ
jaden.garcia812@yahoo.com,Jaden,Garcia,Manchester,WI,red,there,nXzRYRaA
adam.ryan999@pobox.com,Adam,Ryan,Vernon,MI,blue,stop,oeRO3aEF
adam.phelps828@msn.com,Adam,Phelps,Cleveland,HI,green,end,Ucma7ECu
.clements187@blah,,Clements,Oakland,KS,red,fun,TxoyVUco
amelia.richardson638@hotmail.com,Amelia,Richardson,Dover,NJ,,well,xR8EpzAG
faith.stevenson541@aol.com,Faith,Stevenson,Fairview,NC,yellow,great,fziynJEH
charles.brewer217@aol.com,Charles,Brewer,Kingston,RI,yellow,house,YAPHGiqV
kayla.frederick841@pobox.com,Kayla,Frederick,Arlington,VT,green,how,9JsYcUAa
austin.harrell369@msn.com,Austin,Harrell,Springfield,VT,violet,nice,wYaYXocY
gavin.velasquez840@hotmail.com,Gavin,Velasquez,Clinton,FL,,around,qPWUZhEF
tristan.peterson156@yahoo.com,Tristan,Peterson,Manchester,ND,violet,wait,AJvUaEbe
aidan.shannon246@live.com,Aidan,Shannon,Mount,IA,orange,now,ZByBsI7H
alyssa.burns115@blah,Alyssa,Burns,Oakland,NM,,zyzzybalubah,8IbFVphy
audrey.oneal941@yahoo.com,Audrey,Oneal,Newport,VA,,here-and-hear,nNSkYF9P
jocelyn.newman848@hotmail.com,Jocelyn,Newman,Riverside,KS,orange,on,cioixQKe
hailey.mayo694@blah,Hailey,Mayo,Fairview,FL,blue,do,AyQmGsvV
luke.ratliff285@msn.com,Luke,Ratliff,Salem,AK,,zyzzybalubah,EVTzFufO
tristan.mullins908@aol.com,Tristan,Mullins,Ashland,ME,,watch,CGiFaOyd
aaron.sandoval953@yahoo.com,Aaron,Sandoval,Newport,NH,,fast,boerNoyf
makayla.avila997@live.com,Makayla,Avila,Clinton,MS,,one,uEYUTykD
owen.weber901@blah,Owen,Weber,Milton,PA,yellow,stop,t4Su8Vug
angelina.mcclain400@live.com,Angelina,Mcclain,Oxford,KS,,cool,3eiBn7fW
hayden.houston515@aol.com,Hayden,Houston,Centerville,WY,red,wait,nmvUKbRA
zachary.schneider31@aol.com,Zachary,Schneider,Dover,UT,red,more,2jgodvaC
genesis.kline83@live.com,Genesis,Kline,Madison,MT,red,nice,caxqxACc
brayden.hopkins129@yahoo.com,Brayden,Hopkins,Milford,UT,green,how,AeuYTU5f
carson.snow338@aol.com,Carson,Snow,Fairview,NV,green,look,2IfcUhgv
oliver.levy0@pobox.com,Oliver,Levy,Clayton,MO,,cool,wWnXwqA4
layla.glover222@pobox.com,Layla,Glover,Oakland,SD,red,how,AidtEOYp
sebastian.walsh614@example.com,Sebastian,Walsh,Madison,LA,red,this,OomKU77v
gavin.parrish458@msn.com,Gavin,Parrish,Salem,NC,,stop,66eEYjUF
zoey.snider54@aol.com,Zoey,Snider,Lexington,RI,violet,do,V9QHpjK8
gabriella.clarke466@blah,Gabriella,Clarke,Jackson,NE,blue,one,qaCPiERq
bella.hines984@pobox.com,Bella,Hines,Georgetown,GA,violet,go,jpAWvyux
bryan.neal642@hotmail.com,Bryan,Neal,Dover,KS,yellow,look,SRy5ob6B
naomi.thompson555@example.com,Naomi,Thompson,Manchester,,yellow,show,U8m2UVPx
elijah.gomez973@gmail.com,Elijah,Gomez,Mount,,violet,here-and-hear,ZRyNq49J
elizabeth.may951@gmail.com,Elizabeth,May,Dayton,PA,blue,door,ksCdYUpo
jesus.vang123@blah,Jesus,Vang,Dover,AK,red,stop,qDjukYB5
serenity.clark762@example.com,Serenity,Clark,Greenville,MT,green,here-and-hear,a8EAoavC
nevaeh.hammond686@hotmail.com,Nevaeh,Hammond,Centerville,NY,blue,do,Exihi7FA
alexa.humphrey255@yahoo.com,Alexa,Humphrey,Centerville,WA,yellow,good,3eH9kUfF
eric.golden367@blah,Eric,Golden,Kingston,AZ,yellow,more,9eUxyMEF
brian.randolph737@example.com,Brian,Randolph,Centerville,GA,,it,HMI3aEIo
christian.faulkner448@example.com,Christian,Faulkner,Vernon,ME,red,over,eadbNOKe
carson.madden470@live.com,Carson,Madden,Hudson,CT,blue,on,Ra2XJD9O
lauren.turner875@blah,Lauren,Turner,Springfield,AK,red,cool,2XmTYroT
madelyn.tucker908@live.com,Madelyn,Tucker,Manchester,KS,orange,here-and-hear,bCc6rUiO
caroline.stevens200@gmail.com,Caroline,Stevens,Burlington,WV,green,it,PuoHQYO8
evelyn.thomas443@gmail.com,Evelyn,Thomas,Clayton,NV,,how,5VKGd2VI
chloe.golden628@live.com,Chloe,Golden,Georgetown,GA,,zyzzybalubah,dby2XrZ2
makayla.jackson477@msn.com,Makayla,Jackson,Georgetown,ME,violet,do,Hrewv89t
samuel.mercado550@blah,Samuel,Mercado,Kingston,MA,,cool,W8oNGOXW
riley.simmons255@blah,Riley,Simmons,Dover,ID,,nice,wCnpxSUR
lily.suarez902@example.com,Lily,Suarez,Auburn,VT,yellow,begin,QEsvkAxz
ariana.chen199@blah,Ariana,Chen,Riverside,AL,blue,go,Rx2X2jPY
jesus.patrick547@msn.com,Jesus,Patrick,Clayton,DE,green,time,njaiE5Pn
charlotte.warner514@msn.com,Charlotte,Warner,Auburn,SC,violet,here-and-hear,OneaSgf6
jesus.irwin111@msn.com,Jesus,Irwin,Mount,AL,,that,Vh2RfOmS
evan.clemons87@blah,Evan,Clemons,Oakland,MA,,door,AE2uyUUE
alyssa.guthrie386@blah,Alyssa,Guthrie,Hudson,FL,yellow,now,uU4bg9YF
melanie.alford476@msn.com,Melanie,Alford,Riverside,OH,violet,that,Uo3XnsAc
brianna.ferrell46@blah,Brianna,Ferrell,Burlington,ND,green,great,oPYAhhhh
juan.collier196@aol.com,Juan,Collier,Franklin,DE,orange,well,tcZnFTDD
emily.forbes589@pobox.com,Emily,Forbes,Madison,SC,,begin,yVaC4oC9
aaron.maddox438@example.com,Aaron,Maddox,Cleveland,OK,green,time,fvkbdIzw
natalia.howard6@msn.com,Natalia,Howard,Springfield,,green,do,xdjeuC9z
amelia.patterson669@live.com,Amelia,Patterson,Auburn,RI,,on,Yui2roiX
charlotte.clarke946@pobox.com,Charlotte,Clarke,Jackson,NC,violet,stop,JuPOaezb
tyler.roberts642@yahoo.com,Tyler,Roberts,Clinton,NC,,place,WniY5GQE
savannah.hodges926@live.com,Savannah,Hodges,Madison,KS,,out,bhcUNoDn
lucas.armstrong826@live.com,Lucas,Armstrong,Manchester,IL,,what,cMYq9XXH
rachel.mendez832@hotmail.com,Rachel,Mendez,Fairview,WV,yellow,cool,Yu9Yj9Vg
nathan.riggs603@pobox.com,Nathan,Riggs,Manchester,CA,orange,now,vGHabxeK
carson.woods488@blah,Carson,Woods,Lexington,IL,orange,how,RnGGrks5
angelina.johnston883@hotmail.com,Angelina,Johnston,Clayton,TX,,do,7JdS7yyJ
mia.tucker235@live.com,Mia,Tucker,Dayton,ND,red,good,Oh3x7iQ8
layla.wall894@blah,Layla,Wall,Springfield,NH,red,thing,q7uZAoze
diego.tucker543@pobox.com,Diego,Tucker,Milford,OK,,go,ER44iEnK
natalie.watson351@live.com,Natalie,Watson,Springfield,MI,,now,9dGjAzWQ
natalie.duke574@pobox.com,Natalie,Duke,Ashland,OH,,over,waEEuIVY
adrian.chan518@example.com,Adrian,Chan,Madison,GA,green,around,BPfuhabD
adam.slater84@live.com,Adam,Slater,Washington,MO,green,on,uEIebDuN
gabriel.espinoza693@msn.com,Gabriel,Espinoza,Centerville,MS,,over,iQHAoaZH
wyatt.hartman799@aol.com,Wyatt,Hartman,Dayton,HI,yellow,stop,xhhirSuQ
addison.faulkner829@pobox.com,Addison,Faulkner,Vernon,FL,blue,on,6o3DGGeD
nathan.head505@blah,Nathan,Head,Milton,OR,yellow,great,imoZjz9I
jordan.wright135@blah,Jordan,Wright,Oxford,WV,,nice,NtRgnYSK
eric.hall989@msn.com,Eric,Hall,Fairview,WY,green,begin,P83cmotq
joshua.lynn408@blah,Joshua,Lynn,Oakland,CA,green,out,4PfSUSaF
angelina.levy673@blah,Angelina,Levy,Georgetown,CA,violet,okay,KAReUA6Z
ian.paul794@yahoo.com,Ian,Paul,Mount,ME,,little,hJsoHrHx
hayden.crane64@hotmail.com,Hayden,Crane,Cleveland,IL,green,do,iuOeu8Qn
kaitlyn.silva216@hotmail.com,Kaitlyn,Silva,Burlington,AZ,,watch,6zOrUxoN
hunter.silva146@msn.com,Hunter,Silva,Washington,FL,violet,watch,odbQyyHt
sarah.holland592@hotmail.com,Sarah,Holland,Shelbyville,FL,violet,okay,5uQ7UiqB
hunter.franco128@blah,Hunter,Franco,Georgetown,MI,yellow,okay,yCf4yz6n
christian.allen217@gmail.com,Christian,Allen,Lexington,RI,,house,mgyHXqDU
matthew.clayton927@example.com,Matthew,Clayton,Kingston,MN,,fun,eaEO2xSv
lillian.shaffer631@live.com,Lillian,Shaffer,Mount,TX,yellow,house,HUF3iwUB
nevaeh.rowland332@blah,Nevaeh,Rowland,Newport,MN,,easy,FAgKdmcm
tristan.huffman239@live.com,Tristan,Huffman,Greenville,UT,,good,stHN9h3P
mia.young62@msn.com,Mia,Young,Dover,DC,green,help,yzfTIhDN
jasmine.frederick204@example.com,Jasmine,Frederick,Greenville,MS,violet,how,XceHce6u
paige.wilcox977@live.com,Paige,Wilcox,Milton,RI,,time,ueU4AMkr
blake.gould266@msn.com,Blake,Gould,Milford,DC,green,one,mQndUXaF
thomas.massey748@example.com,Thomas,Massey,Hudson,TX,orange,day,e38Dm5Du
john.snyder62@hotmail.com,John,Snyder,Milton,MT,,how,9KeQWauo
aaliyah.le528@gmail.com,Aaliyah,Le,Georgetown,LA,green,around,ecYoTv7g
hayden.kline315@aol.com,Hayden,Kline,Fairview,CO,blue,zyzzybalubah,4y6PY97E
andrew.conway43@blah,Andrew,Conway,Vernon,MT,yellow,there,Qo7ajcVi
julia.jenkins633@msn.com,Julia,Jenkins,Oakland,IN,orange,day,I7sJuHZq
blake.avila389@example.com,Blake,Avila,Marion,MT,green,it,sCbnrYEY
aidan.conrad283@pobox.com,Aidan,Conrad,Springfield,NY,,this,IghfE5MY
carson.blake625@blah,Carson,Blake,Clayton,WV,,that,hEemJa2B
daniel.gaines993@live.com,Daniel,Gaines,Clayton,PA,,help,oTziV3Ap
zoe.kline39@live.com,Zoe,Kline,Hudson,NH,orange,end,9fbfwiFe
.becker339@blah,,Becker,Auburn,DE,blue,how,Ssq4EX9o
paige.snow950@hotmail.com,Paige,Snow,Ashland,AZ,,good,ARh7Qrid
jesus.goff525@blah,Jesus,Goff,Hudson,WY,,there,ovgaB8UB
jasmine.allen700@msn.com,Jasmine,Allen,Cleveland,KS,green,great,njaD637n
jocelyn.diaz849@yahoo.com,Jocelyn,Diaz,Clinton,NY,,look,Dy7gtwee
joseph.hines882@hotmail.com,Joseph,Hines,Arlington,DC,,more,eEEySeyg
diego.marshall520@gmail.com,Diego,Marshall,Oxford,ID,,on,f2amwwUW
katherine.koch69@live.com,Katherine,Koch,Cleveland,VT,orange,show,APwt6GB7
andrea.mercer242@blah,Andrea,Mercer,Salem,,green,great,fGCHIY4N
caroline.rodgers833@blah,Caroline,Rodgers,Fairview,DC,,day,sG7Tyec2
aiden.david773@aol.com,Aiden,David,Greenville,WA,,end,6MEuz5cK
luis.franco313@live.com,Luis,Franco,Hudson,NE,,it,B6owjvoo
kylie.kane300@msn.com,Kylie,Kane,Washington,MA,green,well,w4CRsiEP
isaac.cantu486@yahoo.com,Isaac,Cantu,Mount,IN,yellow,nice,4325Wou6
maria.wyatt444@pobox.com,Maria,Wyatt,Vernon,WV,green,stop,DYUZHaoy
jasmine.coleman962@hotmail.com,Jasmine,Coleman,Milton,OK,,stop,YItyfegO
evan.ryan66@blah,Evan,Ryan,Centerville,DC,green,end,pcsuOFwT
logan.munoz495@example.com,Logan,Munoz,Auburn,TX,yellow,thing,GkfDmjv8
leah.griffith669@example.com,Leah,Griffith,Milford,RI,violet,fun,RXWW8Gh4
brayden.ford343@aol.com,Brayden,Ford,Milton,TX,green,zyzzybalubah,h6iSoY5N
eva.fowler28@pobox.com,Eva,Fowler,Jackson,OK,,around,4osgrQpK
wyatt.walker421@gmail.com,Wyatt,Walker,Arlington,CO,,year,P3Q7QRZW
dylan.atkinson294@blah,Dylan,Atkinson,Auburn,DC,violet,what,CVrFGZHe
stella.landry865@aol.com,Stella,Landry,Auburn,OK,green,all,fIz5eIE2
valeria.figueroa368@live.com,Valeria,Figueroa,Ashland,NY,violet,back,bzJ9eibD
jaxon.calhoun744@blah,Jaxon,Calhoun,Centerville,MS,blue,house,hkJcHzo4
melanie.roth598@example.com,Melanie,Roth,Vernon,AR,violet,great,zrdhhvEk
madeline.butler691@gmail.com,Madeline,Butler,Milford,KY,,well,kekcDnS8
dylan.parks701@gmail.com,Dylan,Parks,Georgetown,VA,,watch,iHOYnAxB
henry.gallegos671@yahoo.com,Henry,Gallegos,Jackson,NY,green,end,s2VcwSPE
madison.dudley396@yahoo.com,Madison,Dudley,Centerville,MD,green,thing,rDBSHhKS
benjamin.singleton939@pobox.com,Benjamin,Singleton,Oxford,MD,violet,great,ouC8WDX8
oliver.shields666@yahoo.com,Oliver,Shields,Burlington,MS,,place,wRcOhKjS
joseph.ayers811@gmail.com,Joseph,Ayers,Lexington,NJ,violet,fun,nYEYF5NI
liam.church641@example.com,Liam,Church,Newport,OK,yellow,it,n5gIEsWt
naomi.rasmussen577@yahoo.com,Naomi,Rasmussen,Lexington,WI,red,time,TbJ4Adkt
kaylee.reese350@pobox.com,Kaylee,Reese,Washington,DC,red,nice,U3jwj3VV
david.burns493@blah,David,Burns,Shelbyville,AL,orange,over,g3ticZIF
joseph.cummings850@blah,Joseph,Cummings,Springfield,KY,,all,qiepoyGp
julian.vang44@blah,Julian,Vang,Centerville,SD,green,around,Re2ooPjh
charles.pearson795@blah,Charles,Pearson,Washington,HI,green,show,soY8xyOb
john.bowers751@example.com,John,Bowers,Springfield,RI,green,how,gV3yjNfy
chloe.woods764@blah,Chloe,Woods,Fairview,MO,blue,here-and-hear,pMdwQYy3
addison.baird592@aol.com,Addison,Baird,Hudson,VT,green,well,IaUDm93n
eric.richard439@live.com,Eric,Richard,Newport,AK,red,now,UoMDyhum
christopher.buck990@pobox.com,Christopher,Buck,Dayton,,orange,on,BRJgWFEU
natalia.sandoval739@msn.com,Natalia,Sandoval,Greenville,WI,orange,what,oipjCjkK
jack.thomas483@yahoo.com,Jack,Thomas,Manchester,CT,green,it,xXAn4i5R
nevaeh.bray490@blah,Nevaeh,Bray,Ashland,UT,green,well,2wYFv5dq
daniel.stephens202@pobox.com,Daniel,Stephens,Oakland,AR,yellow,stop,QDRnuij5
parker.tran20@blah,Parker,Tran,Fairview,WI,green,how,Vi5utvBv
andrew.lynn838@live.com,Andrew,Lynn,Clinton,NV,orange,go,z2opQfdA
henry.obrien21@yahoo.com,Henry,Obrien,Fairview,ID,,begin,J5qhGsXt
gavin.cline995@example.com,Gavin,Cline,Centerville,GA,,show,FOVExyMb
hunter.ewing296@hotmail.com,Hunter,Ewing,Lexington,WY,,show,hhRpauR9
peyton.wiley938@pobox.com,Peyton,Wiley,Vernon,AR,,over,QWkjYvfx
lucy.mercer257@hotmail.com,Lucy,Mercer,Auburn,TN,,wait,8Z5TdoKT
natalie.flynn522@yahoo.com,Natalie,Flynn,Marion,RI,green,stop,oHBYmeWQ
nathan.moore580@hotmail.com,Nathan,Moore,Dover,PA,green,good,eFxcjEzz
madeline.conley582@yahoo.com,Madeline,Conley,Oxford,NJ,red,look,DavVioy4
rachel.beard803@aol.com,Rachel,Beard,Milford,FL,orange,remember,EDviOywU
lucy.oneill856@pobox.com,Lucy,Oneill,Dayton,NV,violet,there,xsiBVMn2
daniel.finch254@example.com,Daniel,Finch,Washington,NC,yellow,begin,BpEQeiuP
charlotte.hamilton164@msn.com,Charlotte,Hamilton,Franklin,,,here-and-hear,UtKyBKTG
daniel.walton593@yahoo.com,Daniel,Walton,Washington,RI,,do,gNx4Bvu6
carter.hensley191@pobox.com,Carter,Hensley,Salem,WA,green,one,K9xbWisD
evan.contreras228@yahoo.com,Evan,Contreras,Mount,WY,red,day,W3Rh4eiG
natalia.walker124@hotmail.com,Natalia,Walker,Auburn,VT,,go,byWyEooY
kimberly.brock501@yahoo.com,Kimberly,Brock,Salem,IL,violet,look,SXvxiof8
dominic.ware75@example.com,Dominic,Ware,Clinton,NH,red,more,jO4yRc3K
katherine.lambert101@aol.com,Katherine,Lambert,Auburn,GA,,watch,OcSXtWaJ
kaylee.santos395@pobox.com,Kaylee,Santos,Shelbyville,IL,green,house,9pAQSTDQ
ashley.fletcher922@example.com,Ashley,Fletcher,Hudson,AR,red,place,avfWytCH
cole.ware351@aol.com,Cole,Ware,Hudson,ID,green,thing,6Escoy6G
sarah.boone371@aol.com,Sarah,Boone,Franklin,KY,yellow,end,MJAcadi3
ian.meadows293@gmail.com,Ian,Meadows,Riverside,WA,green,more,EUOuKJNt
kimberly.cobb146@yahoo.com,Kimberly,Cobb,Georgetown,TN,green,okay,qUJHXwEI
brayden.palmer632@live.com,Brayden,Palmer,Vernon,NY,blue,on,XNXJu6wJ
andrew.walls491@live.com,Andrew,Walls,Washington,ID,,around,duUhWuHI
lily.stevens664@hotmail.com,Lily,Stevens,Dover,CT,blue,easy,86vsTmdv
natalie.bond173@yahoo.com,Natalie,Bond,Milford,,yellow,house,yuiNAFVb
.barnes477@yahoo.com,,Barnes,Madison,MI,orange,around,gIOovE9P
eli.england543@blah,Eli,England,Salem,HI,green,cool,u6oDEwiu
eric.evans43@hotmail.com,Eric,Evans,Vernon,NY,yellow,now,2ViT6OE4
charles.martin115@blah,Charles,Martin,Greenville,,red,there,XIGGV4Ne
eva.browning470@gmail.com,Eva,Browning,Georgetown,MN,violet,watch,fqU2HeEw
audrey.mercado643@hotmail.com,Audrey,Mercado,Riverside,TX,green,how,OU48eJga
christian.flowers416@msn.com,Christian,Flowers,Franklin,IL,,day,ERcAHNYt
kimberly.shaw804@blah,Kimberly,Shaw,Auburn,,blue,now,Wnuw4yYu
hannah.carney532@gmail.com,Hannah,Carney,Mount,HI,green,that,G2ZH79A7
ian.padilla837@aol.com,Ian,Padilla,Salem,OR,,wait,I4OxA3p9
aaliyah.gillespie173@blah,Aaliyah,Gillespie,Clinton,CA,orange,thing,5JqWz9Xy
carlos.juarez525@pobox.com,Carlos,Juarez,Mount,IN,yellow,out,S2CsvPKb
oliver.potts866@aol.com,Oliver,Potts,Hudson,MT,red,show,raSjpUzF
kayla.daniel146@gmail.com,Kayla,Daniel,Dover,OR,green,fast,7bdyghii
jordan.porter881@msn.com,Jordan,Porter,Burlington,DC,green,help,2uEYRS9n
stella.norman189@yahoo.com,Stella,Norman,Riverside,SC,,remember,Y2bzbUJa
levi.burke374@live.com,Levi,Burke,Salem,MT,yellow,over,pJneYcgq
samantha.sanford678@msn.com,Samantha,Sanford,Georgetown,KS,green,stop,QT7goBzE
parker.coleman41@blah,Parker,Coleman,Auburn,LA,yellow,begin,yx4Vrjrx
dylan.mann282@gmail.com,Dylan,Mann,Ashland,GA,green,remember,DhIb35a4
paige.bell315@example.com,Paige,Bell,Oakland,MO,green,around,C7ofTnRe
destiny.stanley234@example.com,Destiny,Stanley,Auburn,RI,,over,u6z7VRBi
cameron.cruz638@msn.com,Cameron,Cruz,Greenville,MI,orange,now,Ojuersmy
carter.wells726@live.com,Carter,Wells,Franklin,UT,,how,azfpsNDU
hayden.rasmussen819@pobox.com,Hayden,Rasmussen,Clinton,MN,yellow,thing,OMezcqX9
aiden.delacruz888@live.com,Aiden,Delacruz,Salem,NH,green,time,xyB5UGWH
bryan.hall507@blah,Bryan,Hall,Salem,CA,violet,zyzzybalubah,UJgiKnia
taylor.horn503@yahoo.com,Taylor,Horn,Clinton,UT,red,wait,yWErpiSW
maria.rollins143@live.com,Maria,Rollins,Jackson,MO,,fast,iFSaZczZ
sophie.ferrell224@yahoo.com,Sophie,Ferrell,Oakland,ND,,more,xNoBu5Bu
brayden.irwin731@hotmail.com,Brayden,Irwin,Mount,NH,,help,NI64bATa
hayden.duffy712@blah,Hayden,Duffy,Centerville,MS,orange,good,futeezUp
carter.chambers541@msn.com,Carter,Chambers,Ashland,WV,blue,over,uNHC2RAQ
bryan.clemons39@live.com,Bryan,Clemons,Marion,WV,,on,USmuePgx
connor.pollard37@blah,Connor,Pollard,Mount,,,nice,kEGyESH7
bailey.garcia269@pobox.com,Bailey,Garcia,Georgetown,NV,violet,all,vHDGuS7e
owen.ferguson286@blah,Owen,Ferguson,Washington,MO,green,year,opAC4uEu
brooklyn.puckett553@gmail.com,Brooklyn,Puckett,Clayton,NC,violet,cool,UyUjv9AS
gabriella.greer435@aol.com,Gabriella,Greer,Hudson,KS,,around,Rna3uYG9
brayden.green14@msn.com,Brayden,Green,Madison,DC,,one,upTs4Kn6
natalie.gay921@gmail.com,Natalie,Gay,Dover,MT,violet,all,NtiuwkXm
bella.wynn663@blah,Bella,Wynn,Salem,MN,,that,H7yppwgQ
adrian.bean23@example.com,Adrian,Bean,Riverside,CO,green,here-and-hear,ciqYziJ5
brody.whitfield626@blah,Brody,Whitfield,Lexington,,,easy,EIkUeWEZ
leah.melton545@msn.com,Leah,Melton,Clinton,ND,,around,wfYOub3f
evelyn.wilder518@hotmail.com,Evelyn,Wilder,Fairview,MD,blue,house,VFwHSa9o
alexandra.vinson551@msn.com,Alexandra,Vinson,Marion,CA,,thing,KbIGjiIf
jasmine.gibson831@blah,Jasmine,Gibson,Georgetown,NV,,remember,aJgnevwi
paige.lucas30@msn.com,Paige,Lucas,Vernon,LA,violet,stop,4OMrIeDs
lillian.kerr16@yahoo.com,Lillian,Kerr,Georgetown,ND,blue,what,u9sUtPOi
gavin.benton915@example.com,Gavin,Benton,Clinton,MA,,day,QpmFZjud
henry.sanchez576@yahoo.com,Henry,Sanchez,Shelbyville,LA,green,place,F9hWqyto
benjamin.weaver192@hotmail.com,Benjamin,Weaver,Auburn,TX,green,time,HpUvVmcG
brian.mclean625@hotmail.com,Brian,Mclean,Springfield,RI,,here-and-hear,XkuoJ47x
brandon.mathis650@pobox.com,Brandon,Mathis,Kingston,FL,orange,thing,DuVem3BT
jesus.pearson380@pobox.com,Jesus,Pearson,Madison,GA,green,one,xiAmaG3y
nathaniel.mayo197@pobox.com,Nathaniel,Mayo,Kingston,IL,blue,remember,bcAqUiud
brandon.lynch732@blah,Brandon,Lynch,Oxford,LA,blue,on,3PyyxyYy
julia.reeves695@blah,Julia,Reeves,Auburn,MT,yellow,stop,yuEmrJoy
sydney.warner314@gmail.com,Sydney,Warner,Shelbyville,WV,,over,yECieEgh
alyssa.hogan964@msn.com,Alyssa,Hogan,Franklin,OK,green,help,4fYTwnAp
nathaniel.sawyer201@live.com,Nathaniel,Sawyer,Vernon,NE,,stop,YTUKnEgn
amelia.thornton237@msn.com,Amelia,Thornton,Mount,MT,,door,uqqgmYqW
caleb.ewing177@pobox.com,Caleb,Ewing,Arlington,VA,,show,wxtaQyfo
eli.fletcher983@aol.com,Eli,Fletcher,Oakland,HI,green,now,h9ut5eTx
liam.spears884@aol.com,Liam,Spears,Cleveland,VA,,one,AORsN2jr
kevin.james575@live.com,Kevin,James,Dover,CT,,place,ryjzGrVz
naomi.hays342@msn.com,Naomi,Hays,Newport,TN,green,more,fXcw4yoK
lauren.macias375@blah,Lauren,Macias,Cleveland,DE,blue,more,QOkIXwme
zachary.mcgee776@yahoo.com,Zachary,Mcgee,Oxford,CO,red,door,uoYkifwV
mason.nielsen239@msn.com,Mason,Nielsen,Madison,OH,green,more,qgUuB7i5
thomas.buck667@pobox.com,Thomas,Buck,Mount,NE,blue,that,GfIii7QY
paige.weaver978@gmail.com,Paige,Weaver,Newport,OH,,stop,TE53hh6o
daniel.kirby670@blah,Daniel,Kirby,Salem,CO,,fast,SkNK89y3
natalia.hawkins539@pobox.com,Natalia,Hawkins,Milford,LA,blue,good,3d866g4K
adrian.gillespie190@hotmail.com,Adrian,Gillespie,Mount,DE,yellow,place,oEdUAhVt
ayden.clayton744@hotmail.com,Ayden,Clayton,Newport,AR,blue,good,7AO7Toig
mason.morris552@pobox.com,Mason,Morris,Washington,PA,,back,NgsFuG5u
alexa.jenkins511@yahoo.com,Alexa,Jenkins,Georgetown,CA,green,little,pp8bxSFy
anna.buckley381@live.com,Anna,Buckley,Manchester,IA,blue,great,pgiYIaeE
owen.garrett500@example.com,Owen,Garrett,Dayton,LA,,wait,QokPaRDS
joshua.vargas183@live.com,Joshua,Vargas,Jackson,PA,,place,XpHxiiA8
gabrielle.decker511@yahoo.com,Gabrielle,Decker,Vernon,WV,,this,aabuHpae
landon.blankenship399@aol.com,Landon,Blankenship,Oxford,ID,violet,help,URizyQe7
carter.larson536@yahoo.com,Carter,Larson,Hudson,GA,,little,iuFDcvtk
carson.rowe205@hotmail.com,Carson,Rowe,Dover,VA,,show,wAwhMyex
cole.cooper332@yahoo.com,Cole,Cooper,Vernon,KY,green,easy,sBAxeeoO
brooke.chang415@example.com,Brooke,Chang,Newport,ME,,stop,ConGaBvg
nicholas.sanford194@hotmail.com,Nicholas,Sanford,Newport,WA,red,well,F88NGDBy
eli.barr506@msn.com,Eli,Barr,Georgetown,IN,violet,great,9XN9f4gc
alexander.hall515@gmail.com,Alexander,Hall,Oakland,NJ,blue,on,8yYxXiWb
dylan.dean81@gmail.com,Dylan,Dean,Mount,MS,,show,69TjPAwq
elijah.byrd407@blah,Elijah,Byrd,Washington,TN,yellow,easy,uCMXQWGh
aaliyah.simmons109@msn.com,Aaliyah,Simmons,Madison,WI,violet,around,aEh4wHOz
jack.olsen975@aol.com,Jack,Olsen,Lexington,CA,orange,around,JoPyaDxu
hannah.berry40@aol.com,Hannah,Berry,Fairview,,,cool,yCvypzAR
ayden.moss506@blah,Ayden,Moss,Kingston,AZ,,great,dZOTYJAu
aubrey.hodge657@blah,Aubrey,Hodge,Salem,GA,,year,CTHQwpFm
payton.gibson114@yahoo.com,Payton,Gibson,Mount,KY,red,around,iKkYXKRS
valeria.noble855@yahoo.com,Valeria,Noble,Shelbyville,CO,yellow,there,UoVuSiDM
carson.byrd848@yahoo.com,Carson,Byrd,Washington,PA,violet,that,FX3kxEKU
madeline.fitzpatrick101@example.com,Madeline,Fitzpatrick,Kingston,FL,green,around,4cQuHybX
jeremiah.adams493@yahoo.com,Jeremiah,Adams,Lexington,FL,,end,zeGoi7vB
jocelyn.odonnell424@blah,Jocelyn,Odonnell,Dayton,IN,,begin,eu8Y6y5e
charlotte.osborn232@blah,Charlotte,Osborn,Clinton,OH,orange,back,grJehAG3
autumn.flores752@yahoo.com,Autumn,Flores,Newport,VT,orange,look,whWeAUjZ
lauren.olson853@yahoo.com,Lauren,Olson,Salem,CA,,show,VOasO73e
savannah.coleman208@blah,Savannah,Coleman,Madison,AK,green,do,U8jaBWy4
kaitlyn.bruce430@yahoo.com,Kaitlyn,Bruce,Vernon,WA,yellow,around,OpYcN26H
avery.horton784@hotmail.com,Avery,Horton,Oakland,TN,blue,back,RueeoagE
sydney.dudley829@gmail.com,Sydney,Dudley,Ashland,OH,green,day,Aq4ZnOuY
austin.fernandez996@gmail.com,Austin,Fernandez,Milford,PA,,look,CkaxeCNU
aaliyah.schultz641@blah,Aaliyah,Schultz,Clayton,MA,green,over,9vri4aHc
maya.shannon118@msn.com,Maya,Shannon,Clayton,VT,yellow,there,AoyuMgWW
samantha.dyer158@aol.com,Samantha,Dyer,Madison,NM,,little,OHpWrIdX
tristan.lynch328@live.com,Tristan,Lynch,Manchester,MA,green,over,safMYIuz
eric.young466@hotmail.com,Eric,Young,Marion,FL,,okay,7RC4ocY4
noah.ayala456@hotmail.com,Noah,Ayala,Oxford,AK,red,it,GyOAgwJE
faith.copeland188@example.com,Faith,Copeland,Oakland,,green,one,einVCFQN
naomi.mcneil770@gmail.com,Naomi,Mcneil,Dover,OK,blue,time,8sZdfvvG
jaden.mack193@pobox.com,Jaden,Mack,Salem,KS,,wait,kNJyYast
eva.glover986@pobox.com,Eva,Glover,Mount,UT,green,zyzzybalubah,7DRkmiUc
kaylee.salinas375@pobox.com,Kaylee,Salinas,Milton,MI,,fun,afbEkY6b
molly.middleton316@example.com,Molly,Middleton,Newport,HI,green,help,ei9YigDO
gabriella.humphrey332@gmail.com,Gabriella,Humphrey,Centerville,KY,yellow,all,wXFfTEmx
cameron.norris724@yahoo.com,Cameron,Norris,Franklin,WA,,that,UO5cOnYy
max.dixon413@blah,Max,Dixon,Shelbyville,AZ,,what,YYZbJgoh
andrew.leach3@blah,Andrew,Leach,Dover,MO,,cool,c8aob8KM
julia.carson496@blah,Julia,Carson,Springfield,,red,back,4F38SknC
emily.richmond809@example.com,Emily,Richmond,Dayton,NM,,year,ruOSnWwq
alyssa.lamb185@aol.com,Alyssa,Lamb,Greenville,NH,,around,Tuz7XzHC
gianna.howard218@blah,Gianna,Howard,Fairview,MS,,show,M8YwDesy
mia.daugherty807@yahoo.com,Mia,Daugherty,Marion,,yellow,that,v8b3xogi
gabriella.paul977@gmail.com,Gabriella,Paul,Ashland,HI,yellow,day,NaouFymh
autumn.jordan745@aol.com,Autumn,Jordan,Marion,IA,,how,Xiiek6gX
chloe.sosa952@hotmail.com,Chloe,Sosa,Washington,CT,orange,look,9ZEwhSce
jocelyn.gill988@yahoo.com,Jocelyn,Gill,Hudson,MN,,little,iQzeUkpT
sydney.poole223@blah,Sydney,Poole,Ashland,NV,green,go,5oxPBmoo
lillian.vargas675@blah,Lillian,Vargas,Newport,MT,red,it,tSZuU6Sx
audrey.burnett743@hotmail.com,Audrey,Burnett,Marion,MO,,begin,4x4Fiip2
carter.gonzalez545@aol.com,Carter,Gonzalez,Dayton,CO,,wait,mNiqFioc
alexis.sosa950@msn.com,Alexis,Sosa,Salem,IL,violet,now,XroiXyYo
alex.cross955@aol.com,Alex,Cross,Fairview,MT,blue,here-and-hear,eSAjTkWF
elijah.william93@example.com,Elijah,William,Dayton,,,that,2CfRbveI
joshua.hendricks736@aol.com,Joshua,Hendricks,Manchester,OK,blue,one,RIHewoYa
gianna.barr143@blah,Gianna,Barr,Greenville,VT,yellow,wait,UZpIEHrQ
allison.richardson729@yahoo.com,Allison,Richardson,Oxford,OR,green,do,HETyIU5e
adrian.weiss641@gmail.com,Adrian,Weiss,Ashland,IN,orange,help,WU3bBFub
anna.petty201@blah,Anna,Petty,Salem,LA,green,that,SAoXKhEi
kevin.norton777@gmail.com,Kevin,Norton,Marion,ID,green,go,HQFJTWx5
madison.harper304@example.com,Madison,Harper,Auburn,IA,blue,on,jouGYjyE
juan.chase120@pobox.com,Juan,Chase,Centerville,AZ,orange,show,XYEQ6iRa
chloe.powell937@hotmail.com,Chloe,Powell,Hudson,MS,violet,easy,AwEaAeY9
john.mcbride531@example.com,John,Mcbride,Washington,DC,green,there,AE3sTExc
sarah.204@blah,Sarah,,Greenville,NJ,,good,yQk2HSNj
david.dunlap687@hotmail.com,David,Dunlap,Burlington,MI,blue,remember,KPy9ReEB
sarah.hernandez817@gmail.com,Sarah,Hernandez,Ashland,MS,,well,PTBAyOnQ
jack.cash68@blah,Jack,Cash,Georgetown,MN,red,look,FhHbP9kn
molly.hubbard177@pobox.com,Molly,Hubbard,Madison,IN,red,this,O79CRTgm
kylie.dodson215@example.com,Kylie,Dodson,Manchester,CO,,one,OOVPtDX3
alexander.love903@blah,Alexander,Love,Milford,VA,orange,okay,AgiecMKF
evelyn.owen885@gmail.com,Evelyn,Owen,Springfield,IN,violet,that,8yOOcUTm
mason.fischer611@hotmail.com,Mason,Fischer,Milton,NJ,blue,what,9aAyomok
samantha.campos904@msn.com,Samantha,Campos,Oakland,PA,,help,6WsWA6Oo
parker.calderon787@live.com,Parker,Calderon,Salem,NY,yellow,time,AUSYYYd4
paige.dominguez740@hotmail.com,Paige,Dominguez,Dover,RI,,one,hOSt9MDP
bailey.copeland553@yahoo.com,Bailey,Copeland,Oxford,CO,,time,65Ke9o69
elijah.dotson575@example.com,Elijah,Dotson,Vernon,DC,,here-and-hear,pqxrYU6S
trinity.mathis802@aol.com,Trinity,Mathis,Auburn,OK,yellow,back,FaEgEig2
david.mendoza627@blah,David,Mendoza,Kingston,,red,watch,Dz5hnWQc
grace.townsend616@pobox.com,Grace,Townsend,Milton,TN,,here-and-hear,zeAV5xa7
ella.brewer176@example.com,Ella,Brewer,Shelbyville,OH,,do,H9gsTAzn
david.rasmussen123@msn.com,David,Rasmussen,Riverside,ME,green,okay,EHzncazZ
max.bruce576@blah,Max,Bruce,Milford,OR,orange,remember,3XPcIe6T
grace.robbins654@example.com,Grace,Robbins,Dayton,UT,violet,over,bJMUHwRu
aaron.gill951@pobox.com,Aaron,Gill,Kingston,ID,blue,look,dyVurj2E
natalia.nicholson974@hotmail.com,Natalia,Nicholson,Greenville,FL,orange,thing,vdPE5vwp
mariah.roy148@example.com,Mariah,Roy,Cleveland,VT,blue,okay,f2iTKfa5
tyler.stein727@gmail.com,Tyler,Stein,Vernon,KY,blue,all,GxA5fx2P
nathaniel.savage659@blah,Nathaniel,Savage,Oakland,VT,green,this,bccXmoqe
katherine.young758@gmail.com,Katherine,Young,Fairview,CT,yellow,fast,NY69Djbi
justin.mcpherson713@yahoo.com,Justin,Mcpherson,Oakland,OR,yellow,door,yrauvH4a
wyatt.boyer245@blah,Wyatt,Boyer,Lexington,GA,blue,fun,7OaRVNYd
samantha.dejesus973@live.com,Samantha,Dejesus,Salem,DE,,great,F2SgWOzR
ryan.reed424@blah,Ryan,Reed,Manchester,MA,orange,over,Kn9uWbdY
dylan.melton423@yahoo.com,Dylan,Melton,Auburn,KY,blue,zyzzybalubah,IPoPJVy9
james.norton951@aol.com,James,Norton,Vernon,NM,green,fun,e2KZCnN4
mason.chase489@live.com,Mason,Chase,Springfield,ID,violet,do,IibybU7A
julia.olsen342@gmail.com,Julia,Olsen,Milton,MN,green,go,oxzNxnrR
evelyn.bass559@blah,Evelyn,Bass,Riverside,DE,violet,door,JZv3aRaE
landon.snider62@gmail.com,Landon,Snider,Manchester,AZ,green,year,94HIJUmU
nathaniel.mcdowell389@gmail.com,Nathaniel,Mcdowell,Madison,WA,green,fun,ymVq2DKM
.mosley941@example.com,,Mosley,Auburn,DE,,good,N5Qc49vA
liam.abbott795@example.com,Liam,Abbott,Shelbyville,KY,green,house,AY69ToA2
allison.barr78@aol.com,Allison,Barr,Franklin,AZ,,end,ZrquiqKc
thomas.adams91@pobox.com,Thomas,Adams,Milton,DE,violet,there,frAhBYWi
aidan.aguilar328@yahoo.com,Aidan,Aguilar,Greenville,SC,,end,vH7Y5j7f
morgan.dawson965@blah,Morgan,Dawson,Greenville,AL,,what,9IbcRCFg
jasmine.cobb777@aol.com,Jasmine,Cobb,Manchester,MS,,there,UrEayH2i
camila.chambers939@aol.com,Camila,Chambers,Clayton,,blue,easy,e3UIEeU4
blake.ayers403@blah,Blake,Ayers,Vernon,GA,orange,cool,6e7E2yg2
carter.oliver731@hotmail.com,Carter,Oliver,Salem,VT,blue,year,U4AKyyvW
zachary.carr479@gmail.com,Zachary,Carr,Centerville,TX,green,day,buvWSEhx
natalie.stokes37@hotmail.com,Natalie,Stokes,Fairview,CT,orange,time,49AVxItU
hailey.blanchard160@pobox.com,Hailey,Blanchard,Fairview,FL,,time,kdCjc3Kk
alexander.tate807@pobox.com,Alexander,Tate,Dayton,NV,yellow,okay,IeOUtPyA
ashley.vance723@blah,Ashley,Vance,Centerville,RI,orange,nice,MenUsZqM
jasmine.prince461@hotmail.com,Jasmine,Prince,Burlington,RI,,there,uWFujtSn
julia.townsend997@blah,Julia,Townsend,Ashland,NC,,help,EEuua6cn
tyler.case78@hotmail.com,Tyler,Case,Georgetown,KY,blue,now,sEbzH8ga
katherine.roberson961@aol.com,Katherine,Roberson,Milton,MS,red,look,RejTiyq6
bryan.vega803@gmail.com,Bryan,Vega,Cleveland,KS,,help,za8kdxmz
kylie.nguyen23@pobox.com,Kylie,Nguyen,Dayton,VT,,what,ycxTWRcn
aaron.park537@yahoo.com,Aaron,Park,Lexington,MA,,there,y7bAyrPQ
madelyn.morton359@example.com,Madelyn,Morton,Hudson,UT,red,okay,UGrUvyQK
ian.melendez25@msn.com,Ian,Melendez,Oakland,CA,red,go,ZOIag5K2
carlos.ortiz479@live.com,Carlos,Ortiz,Madison,ME,orange,over,7PuGI9OX
gianna.jackson631@example.com,Gianna,Jackson,Washington,ID,green,fast,H9Vopuda
julia.wade303@blah,Julia,Wade,Mount,NY,green,look,Uu8S38Qu
julian.hurst955@hotmail.com,Julian,Hurst,Dayton,CO,red,here-and-hear,eUO9mF3t
.bartlett970@pobox.com,,Bartlett,Clinton,KY,yellow,now,BFQOpeBo
sebastian.cooley640@blah,Sebastian,Cooley,Salem,AZ,violet,help,JoXSetao
alexandra.wallace78@example.com,Alexandra,Wallace,Hudson,NH,yellow,zyzzybalubah,se9Yu9nx
gabriel.houston311@gmail.com,Gabriel,Houston,Oakland,SD,orange,year,iH6V8nz8
brody.curry104@hotmail.com,Brody,Curry,Burlington,DC,violet,there,wQxoYdxs
arianna.monroe642@msn.com,Arianna,Monroe,Oakland,KY,green,that,IynGbKVy
alexa.coffey551@gmail.com,Alexa,Coffey,Shelbyville,MN,violet,little,pynFMREE
sarah.vang249@hotmail.com,Sarah,Vang,Centerville,,green,zyzzybalubah,FUAwYFaA
brian.acevedo173@yahoo.com,Brian,Acevedo,Cleveland,MO,violet,here-and-hear,YV62qwFC
.carey421@live.com,,Carey,Georgetown,AR,orange,here-and-hear,WXQoSrey
david.gonzales519@aol.com,David,Gonzales,Dayton,FL,green,what,dgroOMWp
jessica.cortez196@blah,Jessica,Cortez,Fairview,MO,,it,nFeAycQ2
faith.montgomery553@blah,Faith,Montgomery,Marion,FL,red,place,kAEpUNwC
samantha.stark185@gmail.com,Samantha,Stark,Hudson,IA,yellow,great,pkzbzMCs
victoria.hunt31@aol.com,Victoria,Hunt,Madison,KS,yellow,easy,s6Zcacom
autumn.nolan913@yahoo.com,Autumn,Nolan,Oakland,VA,green,day,TEH2u6Yc
carter.reese730@pobox.com,Carter,Reese,Vernon,CO,orange,one,xwCy8anM
kevin.matthews972@live.com,Kevin,Matthews,Franklin,AR,red,wait,abO4MGjg
gabrielle.thornton993@msn.com,Gabrielle,Thornton,Springfield,VA,,zyzzybalubah,JX6R4DCY
nevaeh.stevenson519@gmail.com,Nevaeh,Stevenson,Mount,KY,yellow,house,ki8axuEQ
adrian.booth8@aol.com,Adrian,Booth,Clayton,NM,yellow,well,9WAazUAe
kylie.ayers215@pobox.com,Kylie,Ayers,Oakland,IA,green,out,cTUJMjwy
gabriella.mason324@blah,Gabriella,Mason,Dayton,OR,red,one,oH4auidw
andrew.blackburn853@msn.com,Andrew,Blackburn,Lexington,MI,green,show,hsAxpbb5
brooklyn.levy702@pobox.com,Brooklyn,Levy,Mount,DE,violet,easy,QmeUEOhN
xavier.giles711@blah,Xavier,Giles,Centerville,KS,,nice,fyRqs6wR
madelyn.hodge992@gmail.com,Madelyn,Hodge,Cleveland,WV,,door,pY7UOBHP
ava.cardenas301@blah,Ava,Cardenas,Riverside,AK,,door,vBE6dzYB
jesus.snow523@aol.com,Jesus,Snow,Riverside,WV,,do,FuEWkEYC
bryan.wise503@gmail.com,Bryan,Wise,Greenville,LA,,begin,cunTMEuF
blake.andrews127@aol.com,Blake,Andrews,Lexington,OR,green,nice,rZuYXMBy
sarah.holmes893@msn.com,Sarah,Holmes,Madison,HI,blue,house,IOtpzitp
naomi.levine34@example.com,Naomi,Levine,Washington,KY,green,one,2e5Y2Wju
naomi.barton405@pobox.com,Naomi,Barton,Dayton,KY,violet,that,iQWh7vej
john.holder34@live.com,John,Holder,Shelbyville,VT,green,watch,dz9TEAkW
audrey.mosley240@aol.com,Audrey,Mosley,Vernon,VT,orange,house,z5ZiZmpo
landon.hebert998@example.com,Landon,Hebert,Oxford,MO,,wait,6Uc2EuXt
taylor.ramsey594@blah,Taylor,Ramsey,Dover,ID,,go,gB4E9Jiz
ryan.bates31@yahoo.com,Ryan,Bates,Kingston,WY,orange,it,E9iUqpMJ
liam.barrett199@yahoo.com,Liam,Barrett,Dayton,CT,green,day,XxpyEk5m
max.herman598@aol.com,Max,Herman,Riverside,MI,green,now,HPhmhu3J
angel.jennings146@msn.com,Angel,Jennings,Lexington,NJ,,cool,E3KMogON
chase.mcdaniel236@blah,Chase,Mcdaniel,Newport,FL,blue,zyzzybalubah,aGr7OWWF
ella.koch209@blah,Ella,Koch,Arlington,,violet,begin,8xzq2AwO
ian.zamora349@example.com,Ian,Zamora,Auburn,VT,yellow,on,9czS5YF9
brayden.berger366@hotmail.com,Brayden,Berger,Shelbyville,HI,,here-and-hear,xoOESAXc
luis.mcclain742@gmail.com,Luis,Mcclain,Marion,ND,,go,ignUdbF9
.coleman944@pobox.com,,Coleman,Milton,VT,,end,exKhtYat
jaxon.hahn871@msn.com,Jaxon,Hahn,Washington,OH,red,year,yEIRBycv
nathan.tillman385@pobox.com,Nathan,Tillman,Fairview,CA,red,thing,EznpiCrp
sebastian.morse117@blah,Sebastian,Morse,Manchester,WI,orange,it,vT3wughi
brayden.england568@yahoo.com,Brayden,England,Riverside,,orange,show,z3827dyY
ariana.ward952@pobox.com,Ariana,Ward,Oxford,AK,,watch,kg4sWjYn
layla.wilcox773@gmail.com,Layla,Wilcox,Washington,ME,orange,remember,YmICYcYz
genesis.wilcox169@blah,Genesis,Wilcox,Georgetown,SD,green,wait,uQEfFqYE
layla.odonnell911@blah,Layla,Odonnell,Oakland,,,all,HKeeQkce
hayden.lyons655@yahoo.com,Hayden,Lyons,Cleveland,UT,,over,tAJtWUYM
alexandra.tillman700@pobox.com,Alexandra,Tillman,Milton,NY,,nice,HmtaWEyP
aidan.frederick114@blah,Aidan,Frederick,Milford,MI,,year,GrD9iiFp
sophie.dotson554@msn.com,Sophie,Dotson,Manchester,KS,,okay,YUABtNeD
gabriella.meyers37@blah,Gabriella,Meyers,Milford,NJ,,year,94oDYhup
zoey.roberson879@aol.com,Zoey,Roberson,Vernon,DC,,house,zUS27wBw
aubrey.melton135@blah,Aubrey,Melton,Clinton,WV,,place,uYEacPEY
jeremiah.wilkerson160@msn.com,Jeremiah,Wilkerson,Oxford,SC,,how,YCTqoSY3
serenity.horton829@yahoo.com,Serenity,Horton,Milton,NV,violet,fast,76tviDmK
diego.wilson704@gmail.com,Diego,Wilson,Riverside,MA,green,day,6dsWixbP
alexander.melton159@msn.com,Alexander,Melton,Centerville,CA,,easy,ikDuPB33
samantha.blackwell711@yahoo.com,Samantha,Blackwell,Greenville,ME,,around,VTVGjzuE
hunter.freeman490@yahoo.com,Hunter,Freeman,Milford,MA,blue,house,svkqOuOA
zoe.douglas310@aol.com,Zoe,Douglas,Hudson,UT,,great,EIAx39c2
chloe.rodriguez173@gmail.com,Chloe,Rodriguez,Dover,IN,blue,it,ny5bNKfD
anna.christensen112@yahoo.com,Anna,Christensen,Cleveland,AL,,over,hOe3b3mE
naomi.serrano370@live.com,Naomi,Serrano,Dayton,OR,orange,this,iEpMXjJE
madison.valentine130@live.com,Madison,Valentine,Lexington,CO,,how,oSgrvgBy
samuel.adams503@msn.com,Samuel,Adams,Centerville,SC,,easy,2iN6KFpA
mia.gilliam282@example.com,Mia,Gilliam,Burlington,,,thing,goyky9W4
nicholas.key463@hotmail.com,Nicholas,Key,Springfield,,orange,what,nieA9FtE
matthew.fuentes890@blah,Matthew,Fuentes,Vernon,WY,blue,fast,RyyGOhaV
mackenzie.bartlett997@hotmail.com,Mackenzie,Bartlett,Marion,KS,green,back,IEeu5Xms
gabriel.oliver396@blah,Gabriel,Oliver,Milton,NY,blue,door,Gj5JVJRs
peyton.contreras710@yahoo.com,Peyton,Contreras,Clinton,PA,yellow,how,Ooirzo7x
brody.wagner889@hotmail.com,Brody,Wagner,Clinton,IL,violet,out,wiI2TvsF
sofia.farley646@blah,Sofia,Farley,Arlington,NY,,year,iAsEjcrZ
ashley.mcclain774@blah,Ashley,Mcclain,Greenville,CT,red,thing,VEvMuKyA
trinity.kane258@hotmail.com,Trinity,Kane,Milton,AR,red,easy,CPocJY7B
kylie.macdonald280@msn.com,Kylie,Macdonald,Clinton,FL,blue,more,eBkcYOwf
valeria.winters776@blah,Valeria,Winters,Vernon,OR,red,easy,dkV2bEGy
alex.waters578@blah,Alex,Waters,Fairview,SC,green,end,stkAzDY9
hayden.english100@gmail.com,Hayden,English,Oxford,,,begin,ruDEzIex
kayla.rivera649@blah,Kayla,Rivera,Cleveland,NY,,out,gtYhmwIY
sofia.may851@example.com,Sofia,May,Cleveland,UT,yellow,zyzzybalubah,MQUnWPyo
madeline.wiggins439@gmail.com,Madeline,Wiggins,Manchester,KS,orange,day,uDExHHP6
bryan.martin207@example.com,Bryan,Martin,Dover,GA,green,show,AphfgyAt
isaac.boyd131@blah,Isaac,Boyd,Riverside,KY,,over,cnhCbaeo
samantha.walsh270@example.com,Samantha,Walsh,Springfield,KS,,more,cAIbMNnU
lauren.benson463@blah,Lauren,Benson,Centerville,MI,orange,year,NatVwdvZ
layla.delacruz808@yahoo.com,Layla,Delacruz,Oakland,GA,,one,uxSit3n2
ayden.thornton250@msn.com,Ayden,Thornton,Fairview,MS,orange,end,y9bi8sfs
mason.rollins249@blah,Mason,Rollins,Newport,MT,yellow,around,NAuWE8EY
ella.cummings225@live.com,Ella,Cummings,Fairview,ND,blue,house,wIeJfctU
oliver.vance672@live.com,Oliver,Vance,Auburn,MD,orange,back,q3I7HA9Y
victoria.hanson415@blah,Victoria,Hanson,Oxford,ID,blue,cool,xGigYzI9
riley.carr240@pobox.com,Riley,Carr,Dover,RI,orange,watch,cAapvrzz
john.hatfield981@example.com,John,Hatfield,Springfield,NV,,house,D7GZNyCE
emily.rosa833@blah,Emily,Rosa,Fairview,OR,violet,more,miGAPrY8
angel.serrano116@hotmail.com,Angel,Serrano,Milton,NV,blue,great,5QC3MAa6
audrey.graves947@gmail.com,Audrey,Graves,Dayton,NJ,blue,day,UE9Buyig
jonathan.bauer897@yahoo.com,Jonathan,Bauer,Clayton,VT,violet,begin,A7BfkPdN
colton.woodward832@gmail.com,Colton,Woodward,Milton,,,good,ruAVXsua
.barber311@yahoo.com,,Barber,Georgetown,,,year,hRPbyhuI
kevin.rasmussen286@yahoo.com,Kevin,Rasmussen,Fairview,TN,,stop,vShKp55t
eli.swanson818@pobox.com,Eli,Swanson,Ashland,ME,yellow,great,2fqaDmMP
cooper.hatfield345@yahoo.com,Cooper,Hatfield,Hudson,AR,yellow,all,4GRphYEg
owen.beard640@gmail.com,Owen,Beard,Springfield,KY,yellow,door,3VuUmQY4
chloe.goodman884@yahoo.com,Chloe,Goodman,Arlington,NC,green,help,PmGNqPqv
jocelyn.stokes361@msn.com,Jocelyn,Stokes,Jackson,NE,green,now,OnSA4w32
valeria.richmond650@blah,Valeria,Richmond,Kingston,,green,great,qYUUuarJ
eva.fisher270@pobox.com,Eva,Fisher,Clayton,SD,green,stop,IuiaovPU
carter.santos429@live.com,Carter,Santos,Milton,NC,green,how,SPQEF6kG
ayden.fry834@blah,Ayden,Fry,Dover,,blue,more,bBrmWRf4
sebastian.winters208@live.com,Sebastian,Winters,Manchester,MA,,year,QeEFVJ89
bella.mcknight430@gmail.com,Bella,Mcknight,Mount,,,place,tHsm8UKF
angel.henderson434@blah,Angel,Henderson,Arlington,AR,,watch,HvDqJ3XE
tyler.kline951@blah,Tyler,Kline,Madison,,blue,around,fWCYiQNQ
gabriel.cox274@live.com,Gabriel,Cox,Madison,HI,,house,gAGJM285
